-- phpMyAdmin SQL Dump
-- version 5.1.0
-- https://www.phpmyadmin.net/
--
-- Host: 127.0.0.1
-- Waktu pembuatan: 04 Jul 2021 pada 18.52
-- Versi server: 10.4.19-MariaDB
-- Versi PHP: 8.0.6

SET SQL_MODE = "NO_AUTO_VALUE_ON_ZERO";
START TRANSACTION;
SET time_zone = "+00:00";


/*!40101 SET @OLD_CHARACTER_SET_CLIENT=@@CHARACTER_SET_CLIENT */;
/*!40101 SET @OLD_CHARACTER_SET_RESULTS=@@CHARACTER_SET_RESULTS */;
/*!40101 SET @OLD_COLLATION_CONNECTION=@@COLLATION_CONNECTION */;
/*!40101 SET NAMES utf8mb4 */;

--
-- Database: `sippa`
--

-- --------------------------------------------------------

--
-- Struktur dari tabel `bayar`
--

CREATE TABLE `bayar` (
  `id_bayar` int(11) NOT NULL,
  `id_pedagang` varchar(191) NOT NULL,
  `tanggal` date NOT NULL,
  `id_petugas` varchar(191) NOT NULL
) ENGINE=InnoDB DEFAULT CHARSET=latin1;

--
-- Dumping data untuk tabel `bayar`
--

INSERT INTO `bayar` (`id_bayar`, `id_pedagang`, `tanggal`, `id_petugas`) VALUES
(1, '6', '2021-04-01', '3'),
(2, '6', '2021-04-02', '3'),
(3, '6', '2021-04-02', '3'),
(4, '27', '2021-12-29', '3'),
(5, '6', '2021-08-29', '3'),
(6, '44', '2021-01-05', '3'),
(7, '14', '2021-04-13', '3'),
(8, '111', '2021-02-27', '3'),
(9, '108', '2021-11-04', '3'),
(10, '132', '2021-04-07', '3'),
(11, '47', '2021-08-11', '3'),
(12, '115', '2021-05-20', '3'),
(13, '10', '2021-10-31', '3'),
(14, '46', '2021-07-14', '3'),
(15, '125', '2021-09-01', '3'),
(16, '19', '2021-07-11', '3'),
(17, '7', '2021-10-06', '3'),
(18, '40', '2021-02-11', '3'),
(19, '50', '2021-04-08', '3'),
(20, '115', '2021-03-21', '3'),
(21, '67', '2021-06-13', '3'),
(22, '18', '2021-12-30', '3'),
(23, '9', '2021-11-03', '3'),
(24, '26', '2021-06-22', '3'),
(25, '11', '2021-10-16', '3'),
(26, '96', '2021-08-29', '3'),
(27, '98', '2021-05-21', '3'),
(28, '27', '2021-04-28', '3'),
(29, '19', '2021-04-27', '3'),
(30, '91', '2021-08-09', '3'),
(31, '75', '2021-02-04', '3'),
(32, '96', '2021-06-28', '3'),
(33, '98', '2021-07-28', '3'),
(34, '34', '2021-07-26', '3'),
(35, '36', '2021-08-05', '3'),
(36, '41', '2021-11-18', '3'),
(37, '19', '2021-08-28', '3'),
(38, '94', '2021-05-07', '3'),
(39, '85', '2021-10-20', '3'),
(40, '7', '2021-09-10', '3'),
(41, '63', '2021-07-22', '3'),
(42, '40', '2021-12-13', '3'),
(43, '82', '2021-01-07', '3'),
(44, '88', '2021-09-30', '3'),
(45, '133', '2021-10-03', '3'),
(46, '15', '2021-08-28', '3'),
(47, '23', '2021-04-13', '3'),
(48, '115', '2021-06-10', '3'),
(49, '95', '2021-11-03', '3'),
(50, '133', '2021-12-26', '3'),
(51, '99', '2021-05-26', '3'),
(52, '29', '2021-03-13', '3'),
(53, '46', '2021-06-04', '3'),
(54, '5', '2021-12-31', '3'),
(55, '38', '2021-04-09', '3'),
(56, '29', '2021-07-03', '3'),
(57, '71', '2021-07-08', '3'),
(58, '133', '2021-04-11', '3'),
(59, '38', '2021-07-10', '3'),
(60, '38', '2021-06-23', '3'),
(61, '62', '2021-04-21', '3'),
(62, '116', '2021-04-03', '3'),
(63, '126', '2021-08-17', '3'),
(64, '88', '2021-06-17', '3'),
(65, '27', '2021-03-22', '3'),
(66, '58', '2021-08-10', '3'),
(67, '86', '2021-07-14', '3'),
(68, '48', '2021-04-17', '3'),
(69, '91', '2021-05-07', '3'),
(70, '88', '2021-06-19', '3'),
(71, '19', '2021-05-23', '3'),
(72, '41', '2021-12-06', '3'),
(73, '75', '2021-05-27', '3'),
(74, '61', '2021-12-05', '3'),
(75, '100', '2021-12-22', '3'),
(76, '37', '2021-05-27', '3'),
(77, '7', '2021-05-23', '3'),
(78, '36', '2021-06-24', '3'),
(79, '53', '2021-05-09', '3'),
(80, '73', '2021-04-25', '3'),
(81, '33', '2021-05-22', '3'),
(82, '63', '2021-10-05', '3'),
(83, '47', '2021-01-20', '3'),
(84, '24', '2021-11-27', '3'),
(85, '115', '2021-12-28', '3'),
(86, '39', '2021-01-03', '3'),
(87, '25', '2021-06-14', '3'),
(88, '103', '2021-08-06', '3'),
(89, '81', '2021-08-19', '3'),
(90, '74', '2021-01-29', '3'),
(91, '34', '2021-02-23', '3'),
(92, '126', '2021-11-01', '3'),
(93, '130', '2021-07-12', '3'),
(94, '69', '2021-08-22', '3'),
(95, '74', '2021-06-23', '3'),
(96, '27', '2021-10-22', '3'),
(97, '111', '2021-09-23', '3'),
(98, '73', '2021-10-21', '3'),
(99, '42', '2021-05-01', '3'),
(100, '41', '2021-05-28', '3'),
(101, '84', '2021-01-27', '3'),
(102, '44', '2021-11-09', '3'),
(103, '45', '2021-01-28', '3'),
(104, '101', '2021-09-07', '3'),
(105, '115', '2021-12-19', '3'),
(106, '116', '2021-06-03', '3'),
(107, '106', '2021-03-07', '3'),
(108, '102', '2021-04-11', '3'),
(109, '97', '2021-11-16', '3'),
(110, '37', '2021-08-14', '3'),
(111, '112', '2021-05-17', '3'),
(112, '6', '2021-09-12', '3'),
(113, '118', '2021-08-27', '3'),
(114, '65', '2021-02-24', '3'),
(115, '56', '2021-07-24', '3'),
(116, '67', '2021-06-14', '3'),
(117, '100', '2021-12-05', '3'),
(118, '9', '2021-01-15', '3'),
(119, '95', '2021-04-20', '3'),
(120, '66', '2021-07-11', '3'),
(121, '39', '2021-12-08', '3'),
(122, '17', '2021-05-18', '3'),
(123, '46', '2021-08-16', '3'),
(124, '25', '2021-06-20', '3'),
(125, '52', '2021-12-29', '3'),
(126, '28', '2021-05-25', '3'),
(127, '85', '2021-12-27', '3'),
(128, '53', '2021-08-06', '3'),
(129, '33', '2021-11-28', '3'),
(130, '114', '2021-08-16', '3'),
(131, '65', '2021-05-19', '3'),
(132, '127', '2021-10-13', '3'),
(133, '33', '2021-12-29', '3'),
(134, '121', '2021-12-16', '3'),
(135, '38', '2021-02-23', '3'),
(136, '120', '2021-10-23', '3'),
(137, '19', '2021-08-24', '3'),
(138, '70', '2021-01-29', '3'),
(139, '103', '2021-03-28', '3'),
(140, '65', '2021-09-18', '3'),
(141, '78', '2021-08-19', '3'),
(142, '70', '2021-04-27', '3'),
(143, '102', '2021-08-17', '3'),
(144, '103', '2021-01-01', '3'),
(145, '5', '2021-04-18', '3'),
(146, '19', '2021-11-20', '3'),
(147, '104', '2021-06-29', '3'),
(148, '94', '2021-07-30', '3'),
(149, '51', '2021-11-12', '3'),
(150, '70', '2021-01-25', '3'),
(151, '49', '2021-03-05', '3'),
(152, '54', '2021-02-22', '3'),
(153, '32', '2021-10-17', '3'),
(154, '36', '2021-07-10', '3'),
(155, '129', '2021-05-25', '3'),
(156, '32', '2021-03-27', '3'),
(157, '43', '2021-10-27', '3'),
(158, '116', '2021-06-28', '3'),
(159, '10', '2021-02-21', '3'),
(160, '24', '2021-09-21', '3'),
(161, '65', '2021-03-04', '3'),
(162, '11', '2021-03-16', '3'),
(163, '125', '2021-08-02', '3'),
(164, '64', '2021-04-03', '3'),
(165, '49', '2021-01-18', '3'),
(166, '56', '2021-03-07', '3'),
(167, '27', '2021-12-05', '3'),
(168, '121', '2021-08-19', '3'),
(169, '48', '2021-12-16', '3'),
(170, '57', '2021-12-26', '3'),
(171, '30', '2021-09-14', '3'),
(172, '48', '2021-02-03', '3'),
(173, '90', '2021-02-18', '3'),
(174, '71', '2021-09-29', '3'),
(175, '89', '2021-11-29', '3'),
(176, '97', '2021-04-22', '3'),
(177, '19', '2021-01-25', '3'),
(178, '10', '2021-12-14', '3'),
(179, '47', '2021-08-20', '3'),
(180, '56', '2021-09-19', '3'),
(181, '96', '2021-03-13', '3'),
(182, '83', '2021-12-11', '3'),
(183, '133', '2021-03-21', '3'),
(184, '102', '2021-02-26', '3'),
(185, '76', '2021-02-09', '3'),
(186, '22', '2021-09-12', '3'),
(187, '56', '2021-06-07', '3'),
(188, '52', '2021-03-20', '3'),
(189, '6', '2021-01-19', '3'),
(190, '68', '2021-08-22', '3'),
(191, '132', '2021-05-23', '3'),
(192, '17', '2021-09-16', '3'),
(193, '100', '2021-07-09', '3'),
(194, '32', '2021-11-21', '3'),
(195, '113', '2021-09-22', '3'),
(196, '111', '2021-02-19', '3'),
(197, '73', '2021-02-15', '3'),
(198, '63', '2021-11-06', '3'),
(199, '133', '2021-04-16', '3'),
(200, '90', '2021-04-10', '3'),
(201, '131', '2021-01-21', '3'),
(202, '125', '2021-05-01', '3'),
(203, '87', '2021-07-11', '3'),
(204, '45', '2021-04-02', '3'),
(205, '24', '2021-09-12', '3'),
(206, '77', '2021-09-07', '3'),
(207, '69', '2021-03-31', '3'),
(208, '13', '2021-06-15', '3'),
(209, '103', '2021-02-15', '3'),
(210, '69', '2021-11-20', '3'),
(211, '53', '2021-03-29', '3'),
(212, '128', '2021-05-27', '3'),
(213, '116', '2021-03-10', '3'),
(214, '59', '2021-05-17', '3'),
(215, '132', '2021-02-26', '3'),
(216, '12', '2021-10-23', '3'),
(217, '78', '2021-07-25', '3'),
(218, '92', '2021-07-06', '3'),
(219, '21', '2021-09-15', '3'),
(220, '115', '2021-01-21', '3'),
(221, '20', '2021-04-07', '3'),
(222, '43', '2021-12-18', '3'),
(223, '18', '2021-09-17', '3'),
(224, '111', '2021-06-16', '3'),
(225, '123', '2021-02-14', '3'),
(226, '7', '2021-09-02', '3'),
(227, '128', '2021-01-13', '3'),
(228, '13', '2021-06-09', '3'),
(229, '100', '2021-08-19', '3'),
(230, '106', '2021-10-20', '3'),
(231, '59', '2021-12-15', '3'),
(232, '28', '2021-05-11', '3'),
(233, '57', '2021-11-02', '3'),
(234, '71', '2021-12-18', '3'),
(235, '20', '2021-10-06', '3'),
(236, '76', '2021-03-06', '3'),
(237, '104', '2021-05-02', '3'),
(238, '127', '2021-05-03', '3'),
(239, '101', '2021-01-25', '3'),
(240, '12', '2021-10-07', '3'),
(241, '99', '2021-12-04', '3'),
(242, '106', '2021-10-30', '3'),
(243, '49', '2021-05-16', '3'),
(244, '60', '2021-10-18', '3'),
(245, '120', '2021-07-09', '3'),
(246, '95', '2021-01-20', '3'),
(247, '60', '2021-06-27', '3'),
(248, '103', '2021-04-11', '3'),
(249, '65', '2021-09-01', '3'),
(250, '91', '2021-10-18', '3'),
(251, '89', '2021-08-02', '3'),
(252, '37', '2021-06-16', '3'),
(253, '108', '2021-04-03', '3'),
(254, '78', '2021-01-20', '3'),
(255, '114', '2021-02-09', '3'),
(256, '107', '2021-06-24', '3'),
(257, '31', '2021-08-06', '3'),
(258, '66', '2021-11-05', '3'),
(259, '107', '2021-02-15', '3'),
(260, '36', '2021-11-05', '3'),
(261, '121', '2021-02-26', '3'),
(262, '47', '2021-01-02', '3'),
(263, '49', '2021-08-31', '3'),
(264, '26', '2021-02-10', '3'),
(265, '106', '2021-08-17', '3'),
(266, '46', '2021-05-15', '3'),
(267, '103', '2021-10-11', '3'),
(268, '116', '2021-02-27', '3'),
(269, '103', '2021-08-28', '3'),
(270, '52', '2021-01-10', '3'),
(271, '25', '2021-01-18', '3'),
(272, '94', '2021-04-18', '3'),
(273, '44', '2021-03-29', '3'),
(274, '79', '2021-09-01', '3'),
(275, '55', '2021-11-28', '3'),
(276, '111', '2021-11-01', '3'),
(277, '64', '2021-09-21', '3'),
(278, '51', '2021-06-18', '3'),
(279, '133', '2021-11-04', '3'),
(280, '80', '2021-03-12', '3'),
(281, '8', '2021-05-22', '3'),
(282, '121', '2021-10-09', '3'),
(283, '123', '2021-05-06', '3'),
(284, '77', '2021-11-10', '3'),
(285, '117', '2021-11-14', '3'),
(286, '50', '2021-06-03', '3'),
(287, '45', '2021-07-16', '3'),
(288, '47', '2021-04-10', '3'),
(289, '80', '2021-05-07', '3'),
(290, '128', '2021-04-20', '3'),
(291, '89', '2021-10-26', '3'),
(292, '127', '2021-03-05', '3'),
(293, '116', '2021-11-17', '3'),
(294, '38', '2021-08-07', '3'),
(295, '118', '2021-02-15', '3'),
(296, '66', '2021-12-04', '3'),
(297, '81', '2021-07-03', '3'),
(298, '73', '2021-04-03', '3'),
(299, '39', '2021-09-16', '3'),
(300, '13', '2021-03-31', '3'),
(301, '128', '2021-11-19', '3'),
(302, '78', '2021-11-24', '3'),
(303, '30', '2021-12-19', '3'),
(304, '34', '2021-01-16', '3'),
(305, '56', '2021-10-21', '3'),
(306, '59', '2021-02-08', '3'),
(307, '118', '2021-01-19', '3'),
(308, '52', '2021-09-09', '3'),
(309, '117', '2021-01-16', '3'),
(310, '123', '2021-12-27', '3'),
(311, '121', '2021-04-29', '3'),
(312, '15', '2021-12-07', '3'),
(313, '32', '2021-02-10', '3'),
(314, '61', '2021-02-10', '3'),
(315, '118', '2021-05-03', '3'),
(316, '70', '2021-02-13', '3'),
(317, '129', '2021-07-22', '3'),
(318, '121', '2021-04-10', '3'),
(319, '99', '2021-02-16', '3'),
(320, '122', '2021-09-16', '3'),
(321, '121', '2021-10-06', '3'),
(322, '35', '2021-05-26', '3'),
(323, '111', '2021-08-16', '3'),
(324, '91', '2021-09-21', '3'),
(325, '108', '2021-01-27', '3'),
(326, '74', '2021-05-07', '3'),
(327, '41', '2021-04-30', '3'),
(328, '105', '2021-09-27', '3'),
(329, '37', '2021-10-01', '3'),
(330, '96', '2021-03-31', '3'),
(331, '90', '2021-02-17', '3'),
(332, '114', '2021-05-29', '3'),
(333, '100', '2021-01-08', '3'),
(334, '129', '2021-07-23', '3'),
(335, '79', '2021-04-20', '3'),
(336, '21', '2021-03-16', '3'),
(337, '10', '2021-12-04', '3'),
(338, '113', '2021-04-07', '3'),
(339, '44', '2021-01-23', '3'),
(340, '117', '2021-04-27', '3'),
(341, '59', '2021-07-19', '3'),
(342, '110', '2021-02-10', '3'),
(343, '96', '2021-08-07', '3'),
(344, '57', '2021-05-01', '3'),
(345, '116', '2021-04-17', '3'),
(346, '71', '2021-08-17', '3'),
(347, '29', '2021-11-11', '3'),
(348, '114', '2021-10-14', '3'),
(349, '19', '2021-08-29', '3'),
(350, '108', '2021-03-18', '3'),
(351, '30', '2021-05-17', '3'),
(352, '113', '2021-08-04', '3'),
(353, '10', '2021-09-20', '3'),
(354, '112', '2021-02-10', '3'),
(355, '88', '2021-05-11', '3'),
(356, '129', '2021-03-03', '3'),
(357, '113', '2021-03-23', '3'),
(358, '39', '2021-05-20', '3'),
(359, '60', '2021-12-13', '3'),
(360, '99', '2021-12-07', '3'),
(361, '51', '2021-09-28', '3'),
(362, '43', '2021-08-01', '3'),
(363, '102', '2021-04-15', '3'),
(364, '41', '2021-03-21', '3'),
(365, '89', '2021-06-03', '3'),
(366, '75', '2021-06-02', '3'),
(367, '18', '2021-09-03', '3'),
(368, '77', '2021-11-30', '3'),
(369, '90', '2021-01-12', '3'),
(370, '113', '2021-10-22', '3'),
(371, '12', '2021-08-02', '3'),
(372, '55', '2021-05-10', '3'),
(373, '95', '2021-11-09', '3'),
(374, '10', '2021-06-21', '3'),
(375, '118', '2021-01-17', '3'),
(376, '17', '2021-08-13', '3'),
(377, '63', '2021-06-15', '3'),
(378, '70', '2021-07-22', '3'),
(379, '67', '2021-09-06', '3'),
(380, '57', '2021-06-01', '3'),
(381, '106', '2021-03-25', '3'),
(382, '121', '2021-03-27', '3'),
(383, '5', '2021-07-04', '3'),
(384, '99', '2021-07-22', '3'),
(385, '40', '2021-07-31', '3'),
(386, '96', '2021-10-31', '3'),
(387, '120', '2021-04-02', '3'),
(388, '69', '2021-06-27', '3'),
(389, '113', '2021-11-24', '3'),
(390, '109', '2021-06-19', '3'),
(391, '52', '2021-07-28', '3'),
(392, '60', '2021-02-06', '3'),
(393, '105', '2021-11-28', '3'),
(394, '82', '2021-08-19', '3'),
(395, '25', '2021-02-18', '3'),
(396, '77', '2021-04-06', '3'),
(397, '123', '2021-11-23', '3'),
(398, '23', '2021-05-30', '3'),
(399, '31', '2021-04-21', '3'),
(400, '88', '2021-07-14', '3'),
(401, '24', '2021-12-26', '3'),
(402, '42', '2021-10-22', '3'),
(403, '120', '2021-09-16', '3'),
(404, '42', '2021-12-02', '3'),
(405, '19', '2021-11-11', '3'),
(406, '133', '2021-05-29', '3'),
(407, '129', '2021-04-21', '3'),
(408, '12', '2021-08-04', '3'),
(409, '83', '2021-07-27', '3'),
(410, '50', '2021-08-24', '3'),
(411, '52', '2021-05-09', '3'),
(412, '31', '2021-01-17', '3'),
(413, '30', '2021-10-25', '3'),
(414, '26', '2021-09-30', '3'),
(415, '32', '2021-10-30', '3'),
(416, '38', '2021-05-28', '3'),
(417, '112', '2021-12-25', '3'),
(418, '41', '2021-05-31', '3'),
(419, '50', '2021-03-17', '3'),
(420, '112', '2021-02-15', '3'),
(421, '9', '2021-02-23', '3'),
(422, '89', '2021-02-12', '3'),
(423, '133', '2021-09-27', '3'),
(424, '80', '2021-12-12', '3'),
(425, '50', '2021-06-23', '3'),
(426, '96', '2021-03-22', '3'),
(427, '103', '2021-12-03', '3'),
(428, '31', '2021-01-14', '3'),
(429, '47', '2021-05-05', '3'),
(430, '56', '2021-01-11', '3'),
(431, '128', '2021-09-11', '3'),
(432, '85', '2021-06-12', '3'),
(433, '53', '2021-06-17', '3'),
(434, '122', '2021-07-02', '3'),
(435, '16', '2021-09-07', '3'),
(436, '64', '2021-03-23', '3'),
(437, '5', '2021-03-29', '3'),
(438, '68', '2021-11-14', '3'),
(439, '50', '2021-10-24', '3'),
(440, '65', '2021-07-04', '3'),
(441, '23', '2021-09-25', '3'),
(442, '29', '2021-09-10', '3'),
(443, '114', '2021-03-24', '3'),
(444, '15', '2021-05-27', '3'),
(445, '108', '2021-02-23', '3'),
(446, '90', '2021-10-20', '3'),
(447, '82', '2021-12-03', '3'),
(448, '81', '2021-04-11', '3'),
(449, '64', '2021-02-03', '3'),
(450, '119', '2021-02-23', '3'),
(451, '85', '2021-07-18', '3'),
(452, '85', '2021-07-27', '3'),
(453, '62', '2021-01-08', '3'),
(454, '105', '2021-08-29', '3'),
(455, '61', '2021-05-29', '3'),
(456, '28', '2021-06-12', '3'),
(457, '18', '2021-09-25', '3'),
(458, '76', '2021-06-13', '3'),
(459, '103', '2021-02-15', '3'),
(460, '104', '2021-10-05', '3'),
(461, '81', '2021-10-23', '3'),
(462, '37', '2021-12-26', '3'),
(463, '10', '2021-03-05', '3'),
(464, '77', '2021-06-03', '3'),
(465, '80', '2021-09-04', '3'),
(466, '45', '2021-09-04', '3'),
(467, '64', '2021-09-08', '3'),
(468, '63', '2021-12-14', '3'),
(469, '93', '2021-08-07', '3'),
(470, '65', '2021-07-11', '3'),
(471, '120', '2021-05-20', '3'),
(472, '36', '2021-04-21', '3'),
(473, '75', '2021-08-06', '3'),
(474, '40', '2021-05-11', '3'),
(475, '21', '2021-10-26', '3'),
(476, '17', '2021-03-06', '3'),
(477, '30', '2021-03-14', '3'),
(478, '32', '2021-05-06', '3'),
(479, '31', '2021-05-20', '3'),
(480, '52', '2021-01-17', '3'),
(481, '99', '2021-09-03', '3'),
(482, '116', '2021-10-23', '3'),
(483, '86', '2021-03-13', '3'),
(484, '13', '2021-11-10', '3'),
(485, '83', '2021-09-16', '3'),
(486, '125', '2021-01-08', '3'),
(487, '60', '2021-10-17', '3'),
(488, '112', '2021-08-22', '3'),
(489, '106', '2021-08-25', '3'),
(490, '119', '2021-11-16', '3'),
(491, '85', '2021-01-31', '3'),
(492, '125', '2021-06-24', '3'),
(493, '107', '2021-10-29', '3'),
(494, '16', '2021-02-04', '3'),
(495, '30', '2021-08-23', '3'),
(496, '108', '2021-08-11', '3'),
(497, '52', '2021-04-30', '3'),
(498, '77', '2021-05-06', '3'),
(499, '19', '2021-11-15', '3'),
(500, '59', '2021-03-06', '3'),
(501, '35', '2021-11-30', '3'),
(502, '19', '2021-07-19', '3'),
(503, '86', '2021-03-14', '3'),
(504, '105', '2021-06-04', '3'),
(505, '76', '2021-11-18', '3'),
(506, '80', '2021-12-17', '3'),
(507, '64', '2021-01-26', '3'),
(508, '33', '2021-06-01', '3'),
(509, '124', '2021-01-23', '3'),
(510, '63', '2021-12-31', '3'),
(511, '79', '2021-12-02', '3'),
(512, '20', '2021-10-19', '3'),
(513, '21', '2021-05-29', '3'),
(514, '98', '2021-11-26', '3'),
(515, '41', '2021-10-30', '3'),
(516, '32', '2021-07-18', '3'),
(517, '16', '2021-12-04', '3'),
(518, '53', '2021-04-23', '3'),
(519, '105', '2021-04-01', '3'),
(520, '104', '2021-04-13', '3'),
(521, '10', '2021-01-18', '3'),
(522, '36', '2021-03-18', '3'),
(523, '9', '2021-08-23', '3'),
(524, '5', '2021-04-05', '3'),
(525, '53', '2021-07-15', '3'),
(526, '34', '2021-10-05', '3'),
(527, '75', '2021-09-16', '3'),
(528, '114', '2021-10-08', '3'),
(529, '23', '2021-03-23', '3'),
(530, '21', '2021-07-08', '3'),
(531, '62', '2021-04-02', '3'),
(532, '60', '2021-12-31', '3'),
(533, '89', '2021-03-06', '3'),
(534, '17', '2021-07-21', '3'),
(535, '130', '2021-07-20', '3'),
(536, '85', '2021-10-30', '3'),
(537, '54', '2021-05-06', '3'),
(538, '69', '2021-06-09', '3'),
(539, '101', '2021-09-25', '3'),
(540, '45', '2021-01-07', '3'),
(541, '51', '2021-06-01', '3'),
(542, '44', '2021-05-13', '3'),
(543, '88', '2021-10-05', '3'),
(544, '35', '2021-02-24', '3'),
(545, '106', '2021-10-08', '3'),
(546, '126', '2021-12-30', '3'),
(547, '117', '2021-03-20', '3'),
(548, '61', '2021-10-01', '3'),
(549, '106', '2021-03-10', '3'),
(550, '22', '2021-12-11', '3'),
(551, '27', '2021-12-12', '3'),
(552, '46', '2021-09-03', '3'),
(553, '97', '2021-09-23', '3'),
(554, '112', '2021-03-04', '3'),
(555, '60', '2021-09-01', '3'),
(556, '21', '2021-10-19', '3'),
(557, '122', '2021-02-21', '3'),
(558, '38', '2021-10-06', '3'),
(559, '50', '2021-09-13', '3'),
(560, '30', '2021-07-21', '3'),
(561, '106', '2021-04-29', '3'),
(562, '66', '2021-11-17', '3'),
(563, '40', '2021-02-12', '3'),
(564, '80', '2021-01-08', '3'),
(565, '7', '2021-10-23', '3'),
(566, '91', '2021-06-30', '3'),
(567, '32', '2021-11-17', '3'),
(568, '8', '2021-06-23', '3'),
(569, '126', '2021-05-11', '3'),
(570, '96', '2021-04-07', '3'),
(571, '43', '2021-03-19', '3'),
(572, '43', '2021-03-22', '3'),
(573, '41', '2021-09-05', '3'),
(574, '42', '2021-03-02', '3'),
(575, '62', '2021-11-03', '3'),
(576, '60', '2021-04-21', '3'),
(577, '122', '2021-08-05', '3'),
(578, '53', '2021-08-09', '3'),
(579, '34', '2021-10-11', '3'),
(580, '74', '2021-10-06', '3'),
(581, '11', '2021-01-02', '3'),
(582, '104', '2021-11-25', '3'),
(583, '132', '2021-10-29', '3'),
(584, '19', '2021-07-02', '3'),
(585, '65', '2021-04-20', '3'),
(586, '68', '2021-12-29', '3'),
(587, '60', '2021-01-18', '3'),
(588, '101', '2021-05-05', '3'),
(589, '13', '2021-08-11', '3'),
(590, '131', '2021-11-08', '3'),
(591, '22', '2021-09-02', '3'),
(592, '30', '2021-03-13', '3'),
(593, '120', '2021-12-02', '3'),
(594, '9', '2021-08-21', '3'),
(595, '48', '2021-08-31', '3'),
(596, '26', '2021-02-17', '3'),
(597, '17', '2021-02-08', '3'),
(598, '128', '2021-01-13', '3'),
(599, '121', '2021-07-29', '3'),
(600, '16', '2021-08-21', '3'),
(601, '114', '2021-09-05', '3'),
(602, '33', '2021-11-25', '3'),
(603, '122', '2021-04-28', '3'),
(604, '54', '2021-12-10', '3'),
(605, '12', '2021-10-30', '3'),
(606, '79', '2021-01-14', '3'),
(607, '12', '2021-12-18', '3'),
(608, '67', '2021-12-30', '3'),
(609, '122', '2021-08-10', '3'),
(610, '15', '2021-06-12', '3'),
(611, '110', '2021-03-29', '3'),
(612, '124', '2021-11-25', '3'),
(613, '104', '2021-07-20', '3'),
(614, '39', '2021-09-09', '3'),
(615, '34', '2021-06-14', '3'),
(616, '82', '2021-01-31', '3'),
(617, '70', '2021-02-22', '3'),
(618, '29', '2021-03-24', '3'),
(619, '8', '2021-10-15', '3'),
(620, '27', '2021-09-24', '3'),
(621, '107', '2021-05-26', '3'),
(622, '17', '2021-12-25', '3'),
(623, '55', '2021-04-13', '3'),
(624, '114', '2021-03-07', '3'),
(625, '51', '2021-06-18', '3'),
(626, '82', '2021-11-12', '3'),
(627, '74', '2021-08-24', '3'),
(628, '101', '2021-12-24', '3'),
(629, '14', '2021-10-11', '3'),
(630, '39', '2021-11-03', '3'),
(631, '120', '2021-09-30', '3'),
(632, '115', '2021-03-27', '3'),
(633, '29', '2021-12-25', '3'),
(634, '44', '2021-05-17', '3'),
(635, '86', '2021-01-25', '3'),
(636, '55', '2021-11-29', '3'),
(637, '109', '2021-10-20', '3'),
(638, '46', '2021-03-11', '3'),
(639, '67', '2021-12-14', '3'),
(640, '69', '2021-02-11', '3'),
(641, '67', '2021-10-22', '3'),
(642, '56', '2021-01-10', '3'),
(643, '133', '2021-04-04', '3'),
(644, '133', '2021-07-04', '3'),
(645, '42', '2021-04-11', '3'),
(646, '71', '2021-07-21', '3'),
(647, '105', '2021-06-24', '3'),
(648, '91', '2021-09-11', '3'),
(649, '45', '2021-09-22', '3'),
(650, '25', '2021-06-30', '3'),
(651, '83', '2021-03-19', '3'),
(652, '47', '2021-09-28', '3'),
(653, '118', '2021-07-06', '3'),
(654, '59', '2021-08-17', '3'),
(655, '32', '2021-03-28', '3'),
(656, '19', '2021-04-17', '3'),
(657, '132', '2021-03-01', '3'),
(658, '24', '2021-12-28', '3'),
(659, '107', '2021-10-15', '3'),
(660, '25', '2021-05-23', '3'),
(661, '111', '2021-10-14', '3'),
(662, '116', '2021-10-01', '3'),
(663, '34', '2021-12-15', '3'),
(664, '70', '2021-03-24', '3'),
(665, '77', '2021-05-20', '3'),
(666, '72', '2021-12-31', '3'),
(667, '98', '2021-08-01', '3'),
(668, '47', '2021-12-28', '3'),
(669, '16', '2021-09-25', '3'),
(670, '84', '2021-09-07', '3'),
(671, '97', '2021-09-20', '3'),
(672, '46', '2021-10-20', '3'),
(673, '117', '2021-10-19', '3'),
(674, '132', '2021-11-29', '3'),
(675, '69', '2021-06-21', '3'),
(676, '125', '2021-09-04', '3'),
(677, '125', '2021-08-19', '3'),
(678, '118', '2021-03-24', '3'),
(679, '114', '2021-05-23', '3'),
(680, '36', '2021-12-20', '3'),
(681, '72', '2021-03-21', '3'),
(682, '73', '2021-12-30', '3'),
(683, '56', '2021-08-07', '3'),
(684, '80', '2021-12-21', '3'),
(685, '132', '2021-10-11', '3'),
(686, '54', '2021-02-19', '3'),
(687, '44', '2021-11-09', '3'),
(688, '21', '2021-12-03', '3'),
(689, '110', '2021-03-31', '3'),
(690, '46', '2021-10-03', '3'),
(691, '110', '2021-08-29', '3'),
(692, '37', '2021-10-19', '3'),
(693, '6', '2021-02-08', '3'),
(694, '75', '2021-03-14', '3'),
(695, '105', '2021-11-26', '3'),
(696, '23', '2021-11-25', '3'),
(697, '28', '2021-09-28', '3'),
(698, '126', '2021-04-10', '3'),
(699, '120', '2021-03-14', '3'),
(700, '25', '2021-04-05', '3'),
(701, '22', '2021-10-20', '3'),
(702, '9', '2021-05-01', '3'),
(703, '125', '2021-10-26', '3'),
(704, '121', '2021-06-04', '3'),
(705, '35', '2021-04-04', '3'),
(706, '101', '2021-08-01', '3'),
(707, '114', '2021-10-03', '3'),
(708, '69', '2021-12-11', '3'),
(709, '53', '2021-01-20', '3'),
(710, '98', '2021-06-22', '3'),
(711, '31', '2021-07-05', '3'),
(712, '88', '2021-12-08', '3'),
(713, '133', '2021-12-21', '3'),
(714, '25', '2021-08-29', '3'),
(715, '43', '2021-05-12', '3'),
(716, '65', '2021-11-29', '3'),
(717, '5', '2021-03-30', '3'),
(718, '123', '2021-07-17', '3'),
(719, '130', '2021-12-02', '3'),
(720, '40', '2021-06-19', '3'),
(721, '65', '2021-03-23', '3'),
(722, '40', '2021-06-22', '3'),
(723, '24', '2021-11-02', '3'),
(724, '57', '2021-06-11', '3'),
(725, '13', '2021-10-18', '3'),
(726, '127', '2021-02-16', '3'),
(727, '56', '2021-03-22', '3'),
(728, '94', '2021-05-27', '3'),
(729, '52', '2021-08-24', '3'),
(730, '127', '2021-07-14', '3'),
(731, '28', '2021-06-02', '3'),
(732, '108', '2021-11-26', '3'),
(733, '104', '2021-07-26', '3'),
(734, '66', '2021-07-29', '3'),
(735, '10', '2021-10-01', '3'),
(736, '98', '2021-02-20', '3'),
(737, '65', '2021-07-10', '3'),
(738, '39', '2021-01-25', '3'),
(739, '22', '2021-11-27', '3'),
(740, '116', '2021-12-16', '3'),
(741, '85', '2021-03-10', '3'),
(742, '114', '2021-01-29', '3'),
(743, '29', '2021-12-05', '3'),
(744, '36', '2021-02-21', '3'),
(745, '95', '2021-10-28', '3'),
(746, '86', '2021-03-23', '3'),
(747, '13', '2021-12-09', '3'),
(748, '33', '2021-11-04', '3'),
(749, '99', '2021-11-08', '3'),
(750, '82', '2021-11-24', '3'),
(751, '123', '2021-01-14', '3'),
(752, '36', '2021-10-10', '3'),
(753, '115', '2021-05-28', '3'),
(754, '80', '2021-06-14', '3'),
(755, '26', '2021-01-01', '3'),
(756, '133', '2021-11-07', '3'),
(757, '132', '2021-02-02', '3'),
(758, '125', '2021-06-01', '3'),
(759, '18', '2021-08-16', '3'),
(760, '16', '2021-12-20', '3'),
(761, '114', '2021-04-25', '3'),
(762, '61', '2021-11-26', '3'),
(763, '110', '2021-04-26', '3'),
(764, '105', '2021-01-29', '3'),
(765, '17', '2021-05-14', '3'),
(766, '50', '2021-10-11', '3'),
(767, '90', '2021-07-11', '3'),
(768, '10', '2021-09-11', '3'),
(769, '51', '2021-04-27', '3'),
(770, '93', '2021-06-27', '3'),
(771, '123', '2021-10-03', '3'),
(772, '6', '2021-08-06', '3'),
(773, '71', '2021-08-15', '3'),
(774, '34', '2021-05-12', '3'),
(775, '53', '2021-04-30', '3'),
(776, '38', '2021-06-14', '3'),
(777, '122', '2021-11-22', '3'),
(778, '89', '2021-03-22', '3'),
(779, '17', '2021-05-28', '3'),
(780, '81', '2021-07-06', '3'),
(781, '133', '2021-11-25', '3'),
(782, '112', '2021-10-08', '3'),
(783, '102', '2021-03-01', '3'),
(784, '42', '2021-02-02', '3'),
(785, '62', '2021-07-21', '3'),
(786, '77', '2021-11-12', '3'),
(787, '108', '2021-11-06', '3'),
(788, '61', '2021-02-02', '3'),
(789, '89', '2021-07-21', '3'),
(790, '11', '2021-10-13', '3'),
(791, '111', '2021-11-30', '3'),
(792, '86', '2021-04-06', '3'),
(793, '62', '2021-04-04', '3'),
(794, '61', '2021-10-13', '3'),
(795, '12', '2021-08-14', '3'),
(796, '22', '2021-05-08', '3'),
(797, '106', '2021-11-21', '3'),
(798, '26', '2021-09-15', '3'),
(799, '86', '2021-09-16', '3'),
(800, '64', '2021-09-10', '3'),
(801, '35', '2021-12-11', '3'),
(802, '77', '2021-05-05', '3'),
(803, '73', '2021-08-17', '3'),
(804, '15', '2021-03-27', '3'),
(805, '78', '2021-10-01', '3'),
(806, '77', '2021-10-15', '3'),
(807, '31', '2021-01-04', '3'),
(808, '96', '2021-07-22', '3'),
(809, '101', '2021-12-11', '3'),
(810, '28', '2021-02-02', '3'),
(811, '16', '2021-02-06', '3'),
(812, '95', '2021-11-11', '3'),
(813, '55', '2021-01-03', '3'),
(814, '83', '2021-03-21', '3'),
(815, '102', '2021-06-15', '3'),
(816, '44', '2021-05-18', '3'),
(817, '54', '2021-03-20', '3'),
(818, '53', '2021-09-24', '3'),
(819, '46', '2021-02-13', '3'),
(820, '70', '2021-04-22', '3'),
(821, '82', '2021-01-14', '3'),
(822, '41', '2021-11-20', '3'),
(823, '62', '2021-09-24', '3'),
(824, '15', '2021-08-17', '3'),
(825, '81', '2021-04-27', '3'),
(826, '34', '2021-12-16', '3'),
(827, '13', '2021-04-25', '3'),
(828, '64', '2021-10-25', '3'),
(829, '104', '2021-06-11', '3'),
(830, '106', '2021-11-14', '3'),
(831, '26', '2021-03-15', '3'),
(832, '11', '2021-02-05', '3'),
(833, '64', '2021-08-08', '3'),
(834, '100', '2021-03-31', '3'),
(835, '91', '2021-04-27', '3'),
(836, '44', '2021-05-16', '3'),
(837, '32', '2021-11-27', '3'),
(838, '70', '2021-11-02', '3'),
(839, '38', '2021-02-10', '3'),
(840, '59', '2021-05-10', '3'),
(841, '93', '2021-04-18', '3'),
(842, '62', '2021-02-07', '3'),
(843, '131', '2021-10-17', '3'),
(844, '32', '2021-10-01', '3'),
(845, '36', '2021-07-20', '3'),
(846, '103', '2021-02-17', '3'),
(847, '93', '2021-03-08', '3'),
(848, '76', '2021-02-16', '3'),
(849, '60', '2021-03-24', '3'),
(850, '108', '2021-08-10', '3'),
(851, '130', '2021-12-26', '3'),
(852, '71', '2021-02-20', '3'),
(853, '121', '2021-10-30', '3'),
(854, '19', '2021-12-14', '3'),
(855, '124', '2021-11-30', '3'),
(856, '57', '2021-02-24', '3'),
(857, '130', '2021-06-08', '3'),
(858, '18', '2021-04-11', '3'),
(859, '94', '2021-01-09', '3'),
(860, '99', '2021-01-23', '3'),
(861, '8', '2021-05-08', '3'),
(862, '33', '2021-04-25', '3'),
(863, '68', '2021-07-11', '3'),
(864, '127', '2021-12-06', '3'),
(865, '127', '2021-07-16', '3'),
(866, '96', '2021-12-20', '3'),
(867, '70', '2021-03-23', '3'),
(868, '58', '2021-08-26', '3'),
(869, '70', '2021-01-19', '3'),
(870, '14', '2021-06-23', '3'),
(871, '56', '2021-12-30', '3'),
(872, '21', '2021-04-22', '3'),
(873, '49', '2021-08-04', '3'),
(874, '64', '2021-09-16', '3'),
(875, '66', '2021-11-20', '3'),
(876, '103', '2021-06-26', '3'),
(877, '51', '2021-05-25', '3'),
(878, '113', '2021-03-20', '3'),
(879, '77', '2021-04-25', '3'),
(880, '128', '2021-10-06', '3'),
(881, '132', '2021-08-28', '3'),
(882, '41', '2021-09-24', '3'),
(883, '64', '2021-03-07', '3'),
(884, '103', '2021-09-22', '3'),
(885, '9', '2021-10-04', '3'),
(886, '42', '2021-10-17', '3'),
(887, '107', '2021-10-03', '3'),
(888, '105', '2021-05-30', '3'),
(889, '106', '2021-04-24', '3'),
(890, '19', '2021-09-04', '3'),
(891, '49', '2021-02-17', '3'),
(892, '92', '2021-09-22', '3'),
(893, '90', '2021-10-29', '3'),
(894, '42', '2021-06-04', '3'),
(895, '54', '2021-08-25', '3'),
(896, '128', '2021-09-22', '3'),
(897, '66', '2021-05-17', '3'),
(898, '93', '2021-05-08', '3'),
(899, '99', '2021-07-27', '3'),
(900, '47', '2021-01-18', '3'),
(901, '130', '2021-04-05', '3'),
(902, '106', '2021-10-27', '3'),
(903, '42', '2021-06-02', '3'),
(904, '55', '2021-10-23', '3'),
(905, '35', '2021-12-29', '3'),
(906, '42', '2021-09-26', '3'),
(907, '83', '2021-05-24', '3'),
(908, '119', '2021-04-08', '3'),
(909, '62', '2021-06-29', '3'),
(910, '99', '2021-11-05', '3'),
(911, '107', '2021-03-06', '3'),
(912, '121', '2021-06-21', '3'),
(913, '91', '2021-11-22', '3'),
(914, '17', '2021-06-22', '3'),
(915, '57', '2021-05-23', '3'),
(916, '81', '2021-12-31', '3'),
(917, '99', '2021-05-05', '3'),
(918, '110', '2021-11-29', '3'),
(919, '13', '2021-07-12', '3'),
(920, '26', '2021-07-10', '3'),
(921, '15', '2021-12-23', '3'),
(922, '115', '2021-04-23', '3'),
(923, '116', '2021-10-30', '3'),
(924, '78', '2021-08-25', '3'),
(925, '127', '2021-02-26', '3'),
(926, '65', '2021-12-10', '3'),
(927, '94', '2021-06-21', '3'),
(928, '87', '2021-09-22', '3'),
(929, '104', '2021-05-01', '3'),
(930, '13', '2021-06-22', '3');

-- --------------------------------------------------------

--
-- Struktur dari tabel `chat`
--

CREATE TABLE `chat` (
  `id_chat` varchar(191) NOT NULL,
  `id_pedagang_baru` varchar(191) NOT NULL,
  `id_pedagang` int(191) NOT NULL
) ENGINE=InnoDB DEFAULT CHARSET=latin1;

--
-- Dumping data untuk tabel `chat`
--

INSERT INTO `chat` (`id_chat`, `id_pedagang_baru`, `id_pedagang`) VALUES
('4', '605b467a0becc', 4),
('605ead02068cd', '605eace69924d', 4),
('605eaecb0d736', '605eaebb9f437', 4),
('605ec78429fff', '605ec7449897a', 1),
('605ec86b798c0', '605ec32690e01', 4),
('605ecaaf57f32', '605eca494d5e3', 4),
('605ed34420094', '605ed32dd1b96', 5),
('6063aa1b9f566', '605ed32dd1b96', 6);

-- --------------------------------------------------------

--
-- Struktur dari tabel `isi_chat`
--

CREATE TABLE `isi_chat` (
  `id_isi_chat` int(11) NOT NULL,
  `id_chat` varchar(191) NOT NULL,
  `pengirim` varchar(191) NOT NULL,
  `penerima` varchar(191) NOT NULL,
  `isi_chat` text NOT NULL,
  `waktu` timestamp NOT NULL DEFAULT current_timestamp() ON UPDATE current_timestamp()
) ENGINE=InnoDB DEFAULT CHARSET=latin1;

--
-- Dumping data untuk tabel `isi_chat`
--

INSERT INTO `isi_chat` (`id_isi_chat`, `id_chat`, `pengirim`, `penerima`, `isi_chat`, `waktu`) VALUES
(1, '4', '605b467a0becc', '4', 'assalamualaikum', '2021-03-25 07:29:39'),
(2, '4', '605b467a0becc', '4', 'bisa saya beli tokonya?', '2021-03-25 07:30:37'),
(3, '4', '605b3f335d53f', '4', 'bisa', '2021-03-25 08:15:06'),
(4, '4', '4', '605b467a0becc', 'bisa', '2021-03-25 08:16:14'),
(5, '4', '4', '605b467a0becc', '100 juta mau?', '2021-03-25 09:23:31'),
(6, '4', '605b467a0becc', '4', 'bisa kurang?', '2021-03-25 09:25:12'),
(7, '605ead02068cd', '605eace69924d', '4', 'gfhjgtjtrjyu', '2021-03-27 03:57:02'),
(8, '605ead02068cd', '4', '605eace69924d', 'asdfgg', '2021-03-27 03:58:04'),
(9, '605ec78429fff', '605ec7449897a', '1', 'hjgdkjsa', '2021-03-27 05:50:05'),
(10, '605ec86b798c0', '605ec32690e01', '4', 'jshdydujs', '2021-03-27 05:53:54'),
(11, '605ecaaf57f32', '605eca494d5e3', '4', 'hai', '2021-03-27 06:03:38'),
(12, '605ed34420094', '605ed32dd1b96', '5', 'assalamualaikum', '2021-03-30 22:47:23');

-- --------------------------------------------------------

--
-- Struktur dari tabel `pasar`
--

CREATE TABLE `pasar` (
  `id_pasar` int(11) NOT NULL,
  `nama_pasar` varchar(191) NOT NULL,
  `alamat_pasar` varchar(191) NOT NULL,
  `foto` varchar(191) NOT NULL
) ENGINE=InnoDB DEFAULT CHARSET=latin1;

--
-- Dumping data untuk tabel `pasar`
--

INSERT INTO `pasar` (`id_pasar`, `nama_pasar`, `alamat_pasar`, `foto`) VALUES
(5, 'Pasar Pamanukan', 'Jl. Pamanukan', 'pasar_pmk.jpg'),
(10, 'Pasar purwadadi', 'purwadadi', 'pasar_pwd.jpg'),
(11, 'Pasar Sagalaherang', 'Sagalaherang', 'sagalaherang.png'),
(12, 'Pasar Subang', 'Subang', 'subang.png'),
(13, 'Pasar Jalancagak', 'Jalancagak', 'jalancagak.png'),
(14, 'Pasar Kasomalang', 'Kasomalang', 'kasomalang.png'),
(15, 'Pasar Sayur Pujasera', 'Subang', 'pujasera.png'),
(16, 'Pasar Panjang', 'Subang', 'panjang.png'),
(17, 'Pasar Rakyat Sabtu', 'Subang', 'rakyat_sabtu.png'),
(18, 'Pasar Inpres Pagaden', 'Pagaden', 'inpres_pagaden.png'),
(19, 'Pasar Kaget', 'Subang', 'kaget.png'),
(20, 'Pasar Taekwang', 'Subang', 'taekwang.png'),
(21, 'Pasar Tradisional Subang', 'Subang', 'tradisional.png'),
(22, 'Pasar Sukamandi', 'Sukamandi', 'sukamandi.png'),
(24, 'Pasar Pujasera Subang', 'Subang', 'pujasera.png'),
(25, 'Pasar Kalijati', 'Kalijati', 'kalijati.png'),
(26, 'Pasar Desa Sukasenang', 'Compreng', 'sukasenang.png'),
(27, 'Pasar karang Hegar', 'Pabuaran', 'karang_hega.png'),
(28, 'Pasar Tanjung Siang', 'Tanjung Siang', 'tanjung_siang.png'),
(29, 'Pasar Rancamanggung', 'Tanjung Siang', 'rancamanggung.png'),
(30, 'Pasar Sirap', 'Tanjung Siang', 'sirap.png'),
(31, 'Pasar Cisalak', 'Cisalak', 'cisalak.png'),
(32, 'Pasar Palasari', 'Jalancagak', 'palasari.png'),
(33, 'Pasar Dayeuh Kolot', 'Sagalaherang', 'dayeuh_kolot.png'),
(34, 'Pasar Baru Subang', 'Subang', 'baru.png'),
(35, 'Pasar Tanjung', 'Cipunagara', 'tanjung.png'),
(36, 'Pasar Wates', 'Binong', 'wates.png'),
(37, 'Pasar Wanajaya', 'Binong', 'wanajaya.png'),
(38, 'Pasar Pusakanagara', 'Pusakanagara', 'pusakanagara.png'),
(39, 'Pasar Bobos Mayasari', 'Legonkulon', 'bobos_mayasari.png'),
(40, 'Pasar Ciasem', 'Ciasem', 'ciasem.png'),
(41, 'Pasar Lelang Blanakan', 'Blanakan', 'blanakan.png'),
(42, 'Pasar Wesel', 'Patokbeusi', 'wesel.png'),
(43, 'Pasar Pringkasap', 'Pabuaran', 'pringkasap.png'),
(44, 'Pasar Pabuaran', 'pabuaran', 'pabuaran.png'),
(45, 'Pasar Batang', 'Subang', 'batang.png'),
(46, 'Pasar Cipeundeuy', 'Cipeundeuy', 'cipeundeuy.png'),
(47, 'Pasar Ampera', 'Subang', 'pasar_pmk2.jpg');

-- --------------------------------------------------------

--
-- Struktur dari tabel `pedagang`
--

CREATE TABLE `pedagang` (
  `id_pedagang` int(11) NOT NULL,
  `nik` varchar(100) NOT NULL,
  `id_user` varchar(191) NOT NULL,
  `nama_pedagang` varchar(100) NOT NULL,
  `alamat` varchar(100) NOT NULL,
  `id_pasar` varchar(100) DEFAULT NULL,
  `no_kios` varchar(100) NOT NULL,
  `foto_kios` varchar(191) NOT NULL,
  `jenis_pedagang` enum('pkl','kios','los','') NOT NULL,
  `status` enum('buka','tutup') NOT NULL,
  `foto` varchar(191) DEFAULT NULL,
  `alasan` text DEFAULT NULL
) ENGINE=InnoDB DEFAULT CHARSET=utf8mb4;

--
-- Dumping data untuk tabel `pedagang`
--

INSERT INTO `pedagang` (`id_pedagang`, `nik`, `id_user`, `nama_pedagang`, `alamat`, `id_pasar`, `no_kios`, `foto_kios`, `jenis_pedagang`, `status`, `foto`, `alasan`) VALUES
(5, '12345', '605ed26e4fe71', 'Dea nur alfiani', 'Pamanukan', '5', '12', 'pasar_pmk1.jpg', 'pkl', 'buka', 'logo_bpn1.png', NULL),
(6, '45678', '605ed2c4ebbab', 'Indriya Nur Oktaviani', 'Purwadadi', '10', '13', 'pasar_pwd1.jpg', 'pkl', 'buka', 'logo_bpn.png', NULL),
(7, '3213012611981', '4', 'aulia1', 'Subang', '11', '47', 'pasar_pwd1.jpg', 'los', 'buka', 'pancasila.PNG', NULL),
(8, '3213012611982', '5', 'aulia2', 'Subang', '13', '70', 'pasar_pwd1.jpg', 'pkl', 'buka', 'pancasila.PNG', NULL),
(9, '3213012611983', '6', 'aulia3', 'Subang', '26', '13', 'pasar_pwd1.jpg', 'los', 'buka', 'pancasila.PNG', NULL),
(10, '3213012611984', '7', 'aulia4', 'Subang', '36', '1', 'pasar_pwd1.jpg', 'kios', 'buka', 'pancasila.PNG', NULL),
(11, '3213012611985', '8', 'aulia5', 'Subang', '17', '35', 'pasar_pwd1.jpg', 'kios', 'buka', 'pancasila.PNG', NULL),
(12, '3213012611986', '9', 'aulia6', 'Subang', '21', '53', 'pasar_pwd1.jpg', 'pkl', 'buka', 'pancasila.PNG', NULL),
(13, '3213012611987', '10', 'aulia7', 'Subang', '44', '86', 'pasar_pwd1.jpg', 'kios', 'tutup', 'pancasila.PNG', NULL),
(14, '3213012611988', '11', 'aulia8', 'Subang', '39', '77', 'pasar_pwd1.jpg', 'pkl', 'buka', 'pancasila.PNG', NULL),
(15, '3213012611989', '12', 'aulia9', 'Subang', '45', '100', 'pasar_pwd1.jpg', 'pkl', 'buka', 'pancasila.PNG', NULL),
(16, '3213012611990', '13', 'aulia10', 'Subang', '18', '83', 'pasar_pwd1.jpg', 'kios', 'buka', 'pancasila.PNG', NULL),
(17, '3213012611991', '14', 'aulia11', 'Subang', '45', '56', 'pasar_pwd1.jpg', 'los', 'buka', 'pancasila.PNG', NULL),
(18, '3213012611992', '15', 'aulia12', 'Subang', '32', '17', 'pasar_pwd1.jpg', 'kios', 'buka', 'pancasila.PNG', NULL),
(19, '3213012611993', '16', 'aulia13', 'Subang', NULL, '53', 'pasar_pwd1.jpg', 'los', 'buka', 'pancasila.PNG', NULL),
(20, '3213012611994', '17', 'aulia14', 'Subang', '30', '69', 'pasar_pwd1.jpg', 'los', 'buka', 'pancasila.PNG', NULL),
(21, '3213012611995', '18', 'aulia15', 'Subang', '40', '71', 'pasar_pwd1.jpg', 'los', 'buka', 'pancasila.PNG', NULL),
(22, '3213012611996', '19', 'aulia16', 'Subang', '12', '22', 'pasar_pwd1.jpg', 'pkl', 'buka', 'pancasila.PNG', NULL),
(23, '3213012611997', '20', 'aulia17', 'Subang', '37', '15', 'pasar_pwd1.jpg', 'los', 'buka', 'pancasila.PNG', NULL),
(24, '3213012611998', '21', 'aulia18', 'Subang', '45', '99', 'pasar_pwd1.jpg', 'kios', 'buka', 'pancasila.PNG', NULL),
(25, '3213012611999', '22', 'aulia19', 'Subang', '41', '20', 'pasar_pwd1.jpg', 'los', 'buka', 'pancasila.PNG', NULL),
(26, '3213012612000', '23', 'aulia20', 'Subang', '17', '51', 'pasar_pwd1.jpg', 'los', 'buka', 'pancasila.PNG', NULL),
(27, '3213012612001', '24', 'aulia21', 'Subang', '31', '41', 'pasar_pwd1.jpg', 'los', 'buka', 'pancasila.PNG', NULL),
(28, '3213012612002', '25', 'aulia22', 'Subang', '33', '16', 'pasar_pwd1.jpg', 'pkl', 'buka', 'pancasila.PNG', NULL),
(29, '3213012612003', '26', 'aulia23', 'Subang', '14', '14', 'pasar_pwd1.jpg', 'los', 'buka', 'pancasila.PNG', NULL),
(30, '3213012612004', '27', 'aulia24', 'Subang', '15', '75', 'pasar_pwd1.jpg', 'kios', 'buka', 'pancasila.PNG', NULL),
(31, '3213012612005', '28', 'aulia25', 'Subang', '11', '74', 'pasar_pwd1.jpg', 'los', 'buka', 'pancasila.PNG', NULL),
(32, '3213012612006', '29', 'aulia26', 'Subang', '34', '45', 'pasar_pwd1.jpg', 'los', 'buka', 'pancasila.PNG', NULL),
(33, '3213012612007', '30', 'aulia27', 'Subang', '16', '55', 'pasar_pwd1.jpg', 'pkl', 'buka', 'pancasila.PNG', NULL),
(34, '3213012612008', '31', 'aulia28', 'Subang', '31', '95', 'pasar_pwd1.jpg', 'pkl', 'buka', 'pancasila.PNG', NULL),
(35, '3213012612009', '32', 'aulia29', 'Subang', '21', '39', 'pasar_pwd1.jpg', 'kios', 'buka', 'pancasila.PNG', NULL),
(36, '3213012612010', '33', 'aulia30', 'Subang', '11', '36', 'pasar_pwd1.jpg', 'los', 'buka', 'pancasila.PNG', NULL),
(37, '3213012612011', '34', 'aulia31', 'Subang', '25', '79', 'pasar_pwd1.jpg', 'kios', 'buka', 'pancasila.PNG', NULL),
(38, '3213012612012', '35', 'aulia32', 'Subang', '27', '13', 'pasar_pwd1.jpg', 'kios', 'buka', 'pancasila.PNG', NULL),
(39, '3213012612013', '36', 'aulia33', 'Subang', '27', '8', 'pasar_pwd1.jpg', 'los', 'buka', 'pancasila.PNG', NULL),
(40, '3213012612014', '37', 'aulia34', 'Subang', '42', '37', 'pasar_pwd1.jpg', 'los', 'buka', 'pancasila.PNG', NULL),
(41, '3213012612015', '38', 'aulia35', 'Subang', '34', '23', 'pasar_pwd1.jpg', 'los', 'buka', 'pancasila.PNG', NULL),
(42, '3213012612016', '39', 'aulia36', 'Subang', '38', '92', 'pasar_pwd1.jpg', 'pkl', 'buka', 'pancasila.PNG', NULL),
(43, '3213012612017', '40', 'aulia37', 'Subang', '29', '63', 'pasar_pwd1.jpg', 'los', 'buka', 'pancasila.PNG', NULL),
(44, '3213012612018', '41', 'aulia38', 'Subang', '17', '57', 'pasar_pwd1.jpg', 'pkl', 'buka', 'pancasila.PNG', NULL),
(45, '3213012612019', '42', 'aulia39', 'Subang', '43', '90', 'pasar_pwd1.jpg', 'pkl', 'buka', 'pancasila.PNG', NULL),
(46, '3213012612020', '43', 'aulia40', 'Subang', '31', '61', 'pasar_pwd1.jpg', 'kios', 'buka', 'pancasila.PNG', NULL),
(47, '3213012612021', '44', 'aulia41', 'Subang', '15', '40', 'pasar_pwd1.jpg', 'los', 'buka', 'pancasila.PNG', NULL),
(48, '3213012612022', '45', 'aulia42', 'Subang', '27', '21', 'pasar_pwd1.jpg', 'kios', 'buka', 'pancasila.PNG', NULL),
(49, '3213012612023', '46', 'aulia43', 'Subang', '19', '65', 'pasar_pwd1.jpg', 'kios', 'buka', 'pancasila.PNG', NULL),
(50, '3213012612024', '47', 'aulia44', 'Subang', '45', '10', 'pasar_pwd1.jpg', 'kios', 'buka', 'pancasila.PNG', NULL),
(51, '3213012612025', '48', 'aulia45', 'Subang', '32', '59', 'pasar_pwd1.jpg', 'los', 'buka', 'pancasila.PNG', NULL),
(52, '3213012612026', '49', 'aulia46', 'Subang', '39', '75', 'pasar_pwd1.jpg', 'los', 'buka', 'pancasila.PNG', NULL),
(53, '3213012612027', '50', 'aulia47', 'Subang', '33', '41', 'pasar_pwd1.jpg', 'pkl', 'buka', 'pancasila.PNG', NULL),
(54, '3213012612028', '51', 'aulia48', 'Subang', '31', '66', 'pasar_pwd1.jpg', 'pkl', 'buka', 'pancasila.PNG', NULL),
(55, '3213012612029', '52', 'aulia49', 'Subang', '42', '65', 'pasar_pwd1.jpg', 'los', 'buka', 'pancasila.PNG', NULL),
(56, '3213012612030', '53', 'aulia50', 'Subang', '26', '38', 'pasar_pwd1.jpg', 'pkl', 'buka', 'pancasila.PNG', NULL),
(57, '3213012612031', '54', 'aulia51', 'Subang', '19', '13', 'pasar_pwd1.jpg', 'kios', 'buka', 'pancasila.PNG', NULL),
(58, '3213012612032', '55', 'aulia52', 'Subang', '42', '70', 'pasar_pwd1.jpg', 'pkl', 'buka', 'pancasila.PNG', NULL),
(59, '3213012612033', '56', 'aulia53', 'Subang', '44', '88', 'pasar_pwd1.jpg', 'pkl', 'buka', 'pancasila.PNG', NULL),
(60, '3213012612034', '57', 'aulia54', 'Subang', '15', '58', 'pasar_pwd1.jpg', 'pkl', 'buka', 'pancasila.PNG', NULL),
(61, '3213012612035', '58', 'aulia55', 'Subang', '43', '37', 'pasar_pwd1.jpg', 'los', 'buka', 'pancasila.PNG', NULL),
(62, '3213012612036', '59', 'aulia56', 'Subang', '29', '68', 'pasar_pwd1.jpg', 'kios', 'buka', 'pancasila.PNG', NULL),
(63, '3213012612037', '60', 'aulia57', 'Subang', '15', '75', 'pasar_pwd1.jpg', 'pkl', 'buka', 'pancasila.PNG', NULL),
(64, '3213012612038', '61', 'aulia58', 'Subang', '45', '39', 'pasar_pwd1.jpg', 'pkl', 'buka', 'pancasila.PNG', NULL),
(65, '3213012612039', '62', 'aulia59', 'Subang', '16', '8', 'pasar_pwd1.jpg', 'pkl', 'buka', 'pancasila.PNG', NULL),
(66, '3213012612040', '63', 'aulia60', 'Subang', '39', '79', 'pasar_pwd1.jpg', 'los', 'buka', 'pancasila.PNG', NULL),
(67, '3213012612041', '64', 'aulia61', 'Subang', '15', '79', 'pasar_pwd1.jpg', 'pkl', 'buka', 'pancasila.PNG', NULL),
(68, '3213012612042', '65', 'aulia62', 'Subang', '17', '85', 'pasar_pwd1.jpg', 'los', 'buka', 'pancasila.PNG', NULL),
(69, '3213012612043', '66', 'aulia63', 'Subang', '40', '36', 'pasar_pwd1.jpg', 'pkl', 'buka', 'pancasila.PNG', NULL),
(70, '3213012612044', '67', 'aulia64', 'Subang', '12', '88', 'pasar_pwd1.jpg', 'pkl', 'buka', 'pancasila.PNG', NULL),
(71, '3213012612045', '68', 'aulia65', 'Subang', '19', '48', 'pasar_pwd1.jpg', 'pkl', 'buka', 'pancasila.PNG', NULL),
(72, '3213012612046', '69', 'aulia66', 'Subang', '32', '70', 'pasar_pwd1.jpg', 'pkl', 'buka', 'pancasila.PNG', NULL),
(73, '3213012612047', '70', 'aulia67', 'Subang', '28', '28', 'pasar_pwd1.jpg', 'kios', 'buka', 'pancasila.PNG', NULL),
(74, '3213012612048', '71', 'aulia68', 'Subang', '25', '30', 'pasar_pwd1.jpg', 'pkl', 'buka', 'pancasila.PNG', NULL),
(75, '3213012612049', '72', 'aulia69', 'Subang', '39', '7', 'pasar_pwd1.jpg', 'kios', 'buka', 'pancasila.PNG', NULL),
(76, '3213012612050', '73', 'aulia70', 'Subang', '28', '29', 'pasar_pwd1.jpg', 'kios', 'buka', 'pancasila.PNG', NULL),
(77, '3213012612051', '74', 'aulia71', 'Subang', '40', '2', 'pasar_pwd1.jpg', 'pkl', 'buka', 'pancasila.PNG', NULL),
(78, '3213012612052', '75', 'aulia72', 'Subang', '25', '31', 'pasar_pwd1.jpg', 'pkl', 'buka', 'pancasila.PNG', NULL),
(79, '3213012612053', '76', 'aulia73', 'Subang', '28', '31', 'pasar_pwd1.jpg', 'pkl', 'buka', 'pancasila.PNG', NULL),
(80, '3213012612054', '77', 'aulia74', 'Subang', '11', '28', 'pasar_pwd1.jpg', 'los', 'buka', 'pancasila.PNG', NULL),
(81, '3213012612055', '78', 'aulia75', 'Subang', '11', '29', 'pasar_pwd1.jpg', 'los', 'buka', 'pancasila.PNG', NULL),
(82, '3213012612056', '79', 'aulia76', 'Subang', '14', '21', 'pasar_pwd1.jpg', 'pkl', 'buka', 'pancasila.PNG', NULL),
(83, '3213012612057', '80', 'aulia77', 'Subang', '39', '34', 'pasar_pwd1.jpg', 'pkl', 'buka', 'pancasila.PNG', NULL),
(84, '3213012612058', '81', 'aulia78', 'Subang', '12', '2', 'pasar_pwd1.jpg', 'pkl', 'buka', 'pancasila.PNG', NULL),
(85, '3213012612059', '82', 'aulia79', 'Subang', '25', '73', 'pasar_pwd1.jpg', 'kios', 'buka', 'pancasila.PNG', NULL),
(86, '3213012612060', '83', 'aulia80', 'Subang', '28', '64', 'pasar_pwd1.jpg', 'los', 'buka', 'pancasila.PNG', NULL),
(87, '3213012612061', '84', 'aulia81', 'Subang', '38', '96', 'pasar_pwd1.jpg', 'los', 'buka', 'pancasila.PNG', NULL),
(88, '3213012612062', '85', 'aulia82', 'Subang', '45', '36', 'pasar_pwd1.jpg', 'kios', 'buka', 'pancasila.PNG', NULL),
(89, '3213012612063', '86', 'aulia83', 'Subang', '39', '76', 'pasar_pwd1.jpg', 'pkl', 'buka', 'pancasila.PNG', NULL),
(90, '3213012612064', '87', 'aulia84', 'Subang', '31', '3', 'pasar_pwd1.jpg', 'los', 'buka', 'pancasila.PNG', NULL),
(91, '3213012612065', '88', 'aulia85', 'Subang', '29', '99', 'pasar_pwd1.jpg', 'kios', 'buka', 'pancasila.PNG', NULL),
(92, '3213012612066', '89', 'aulia86', 'Subang', '37', '49', 'pasar_pwd1.jpg', 'los', 'buka', 'pancasila.PNG', NULL),
(93, '3213012612067', '90', 'aulia87', 'Subang', '20', '94', 'pasar_pwd1.jpg', 'kios', 'buka', 'pancasila.PNG', NULL),
(94, '3213012612068', '91', 'aulia88', 'Subang', '43', '13', 'pasar_pwd1.jpg', 'los', 'buka', 'pancasila.PNG', NULL),
(95, '3213012612069', '92', 'aulia89', 'Subang', '29', '57', 'pasar_pwd1.jpg', 'pkl', 'buka', 'pancasila.PNG', NULL),
(96, '3213012612070', '93', 'aulia90', 'Subang', '12', '7', 'pasar_pwd1.jpg', 'pkl', 'buka', 'pancasila.PNG', NULL),
(97, '3213012612071', '94', 'aulia91', 'Subang', '29', '80', 'pasar_pwd1.jpg', 'los', 'buka', 'pancasila.PNG', NULL),
(98, '3213012612072', '95', 'aulia92', 'Subang', '44', '100', 'pasar_pwd1.jpg', 'pkl', 'buka', 'pancasila.PNG', NULL),
(99, '3213012612073', '96', 'aulia93', 'Subang', '29', '29', 'pasar_pwd1.jpg', 'los', 'buka', 'pancasila.PNG', NULL),
(100, '3213012612074', '97', 'aulia94', 'Subang', '19', '53', 'pasar_pwd1.jpg', 'pkl', 'buka', 'pancasila.PNG', NULL),
(101, '3213012612075', '98', 'aulia95', 'Subang', '41', '33', 'pasar_pwd1.jpg', 'los', 'buka', 'pancasila.PNG', NULL),
(102, '3213012612076', '99', 'aulia96', 'Subang', '46', '17', 'pasar_pwd1.jpg', 'los', 'buka', 'pancasila.PNG', NULL),
(103, '3213012612077', '100', 'aulia97', 'Subang', '45', '82', 'pasar_pwd1.jpg', 'los', 'buka', 'pancasila.PNG', NULL),
(104, '3213012612078', '101', 'aulia98', 'Subang', '22', '81', 'pasar_pwd1.jpg', 'los', 'buka', 'pancasila.PNG', NULL),
(105, '3213012612079', '102', 'aulia99', 'Subang', '16', '44', 'pasar_pwd1.jpg', 'kios', 'buka', 'pancasila.PNG', NULL),
(106, '3213012612080', '103', 'aulia100', 'Subang', '30', '66', 'pasar_pwd1.jpg', 'los', 'buka', 'pancasila.PNG', NULL),
(107, '3213012612081', '104', 'aulia101', 'Subang', '14', '39', 'pasar_pwd1.jpg', 'kios', 'buka', 'pancasila.PNG', NULL),
(108, '3213012612082', '105', 'aulia102', 'Subang', '38', '49', 'pasar_pwd1.jpg', 'pkl', 'buka', 'pancasila.PNG', NULL),
(109, '3213012612083', '106', 'aulia103', 'Subang', '33', '97', 'pasar_pwd1.jpg', 'pkl', 'buka', 'pancasila.PNG', NULL),
(110, '3213012612084', '107', 'aulia104', 'Subang', '31', '82', 'pasar_pwd1.jpg', 'los', 'buka', 'pancasila.PNG', NULL),
(111, '3213012612085', '108', 'aulia105', 'Subang', NULL, '25', 'pasar_pwd1.jpg', 'los', 'buka', 'pancasila.PNG', NULL),
(112, '3213012612086', '109', 'aulia106', 'Subang', '13', '65', 'pasar_pwd1.jpg', 'los', 'buka', 'pancasila.PNG', NULL),
(113, '3213012612087', '110', 'aulia107', 'Subang', '42', '44', 'pasar_pwd1.jpg', 'pkl', 'buka', 'pancasila.PNG', NULL),
(114, '3213012612088', '111', 'aulia108', 'Subang', '39', '10', 'pasar_pwd1.jpg', 'pkl', 'buka', 'pancasila.PNG', NULL),
(115, '3213012612089', '112', 'aulia109', 'Subang', '27', '5', 'pasar_pwd1.jpg', 'los', 'buka', 'pancasila.PNG', NULL),
(116, '3213012612090', '113', 'aulia110', 'Subang', '43', '27', 'pasar_pwd1.jpg', 'kios', 'buka', 'pancasila.PNG', NULL),
(117, '3213012612091', '114', 'aulia111', 'Subang', '20', '91', 'pasar_pwd1.jpg', 'pkl', 'buka', 'pancasila.PNG', NULL),
(118, '3213012612092', '115', 'aulia112', 'Subang', '34', '50', 'pasar_pwd1.jpg', 'kios', 'buka', 'pancasila.PNG', NULL),
(119, '3213012612093', '116', 'aulia113', 'Subang', '41', '88', 'pasar_pwd1.jpg', 'kios', 'buka', 'pancasila.PNG', NULL),
(120, '3213012612094', '117', 'aulia114', 'Subang', '17', '16', 'pasar_pwd1.jpg', 'kios', 'buka', 'pancasila.PNG', NULL),
(121, '3213012612095', '118', 'aulia115', 'Subang', '45', '75', 'pasar_pwd1.jpg', 'los', 'buka', 'pancasila.PNG', NULL),
(122, '3213012612096', '119', 'aulia116', 'Subang', '29', '6', 'pasar_pwd1.jpg', 'los', 'buka', 'pancasila.PNG', NULL),
(123, '3213012612097', '120', 'aulia117', 'Subang', '37', '80', 'pasar_pwd1.jpg', 'pkl', 'buka', 'pancasila.PNG', NULL),
(124, '3213012612098', '121', 'aulia118', 'Subang', '13', '34', 'pasar_pwd1.jpg', 'los', 'buka', 'pancasila.PNG', NULL),
(125, '3213012612099', '122', 'aulia119', 'Subang', '39', '75', 'pasar_pwd1.jpg', 'pkl', 'buka', 'pancasila.PNG', NULL),
(126, '3213012612100', '123', 'aulia120', 'Subang', '26', '68', 'pasar_pwd1.jpg', 'los', 'buka', 'pancasila.PNG', NULL),
(127, '3213012612101', '124', 'aulia121', 'Subang', '45', '78', 'pasar_pwd1.jpg', 'kios', 'buka', 'pancasila.PNG', NULL),
(128, '3213012612102', '125', 'aulia122', 'Subang', '20', '78', 'pasar_pwd1.jpg', 'los', 'buka', 'pancasila.PNG', NULL),
(129, '3213012612103', '126', 'aulia123', 'Subang', '38', '14', 'pasar_pwd1.jpg', 'kios', 'buka', 'pancasila.PNG', NULL),
(130, '3213012612104', '127', 'aulia124', 'Subang', '31', '69', 'pasar_pwd1.jpg', 'kios', 'buka', 'pancasila.PNG', NULL),
(131, '3213012612105', '128', 'aulia125', 'Subang', '11', '99', 'pasar_pwd1.jpg', 'pkl', 'buka', 'pancasila.PNG', NULL),
(132, '3213012612106', '129', 'aulia126', 'Subang', '16', '81', 'pasar_pwd1.jpg', 'kios', 'buka', 'pancasila.PNG', NULL),
(133, '3213012612107', '130', 'aulia127', 'Subang', '32', '18', 'pasar_pwd1.jpg', 'pkl', 'buka', 'pancasila.PNG', NULL);

-- --------------------------------------------------------

--
-- Struktur dari tabel `pengajuan`
--

CREATE TABLE `pengajuan` (
  `id_pengajuan` int(11) NOT NULL,
  `id_pedagang` varchar(191) NOT NULL,
  `id_pedagang_baru` varchar(191) NOT NULL
) ENGINE=InnoDB DEFAULT CHARSET=latin1;

--
-- Dumping data untuk tabel `pengajuan`
--

INSERT INTO `pengajuan` (`id_pengajuan`, `id_pedagang`, `id_pedagang_baru`) VALUES
(1, '6', '605ed32dd1b96');

-- --------------------------------------------------------

--
-- Struktur dari tabel `retribusi`
--

CREATE TABLE `retribusi` (
  `id_retribusi` int(11) NOT NULL,
  `id_petugas` varchar(191) NOT NULL,
  `bukti` varchar(191) DEFAULT NULL,
  `tanggal` date NOT NULL,
  `status` enum('0','1','2') NOT NULL
) ENGINE=InnoDB DEFAULT CHARSET=latin1;

--
-- Dumping data untuk tabel `retribusi`
--

INSERT INTO `retribusi` (`id_retribusi`, `id_petugas`, `bukti`, `tanggal`, `status`) VALUES
(5, '3', 'BUKU_PENDAFTARAN_SELEKSI_CPNS_2021.pdf', '2021-04-02', '0');

-- --------------------------------------------------------

--
-- Struktur dari tabel `tb_user`
--

CREATE TABLE `tb_user` (
  `id` varchar(191) NOT NULL,
  `nama` varchar(50) NOT NULL,
  `email` varchar(191) NOT NULL,
  `username` varchar(50) NOT NULL,
  `password` varchar(50) NOT NULL,
  `ktp` varchar(191) DEFAULT NULL,
  `role_id` tinyint(1) NOT NULL
) ENGINE=InnoDB DEFAULT CHARSET=latin1;

--
-- Dumping data untuk tabel `tb_user`
--

INSERT INTO `tb_user` (`id`, `nama`, `email`, `username`, `password`, `ktp`, `role_id`) VALUES
('1', 'Aulia', '', 'aulia', 'admin', '', 1),
('10', 'aulia7', 'aulia1@gmail.com', 'aulia7', 'aulia7', 'document.pdf', 3),
('100', 'aulia97', 'aulia1@gmail.com', 'aulia97', 'aulia97', 'document.pdf', 3),
('101', 'aulia98', 'aulia1@gmail.com', 'aulia98', 'aulia98', 'document.pdf', 3),
('102', 'aulia99', 'aulia1@gmail.com', 'aulia99', 'aulia99', 'document.pdf', 3),
('103', 'aulia100', 'aulia1@gmail.com', 'aulia100', 'aulia100', 'document.pdf', 3),
('104', 'aulia101', 'aulia1@gmail.com', 'aulia101', 'aulia101', 'document.pdf', 3),
('105', 'aulia102', 'aulia1@gmail.com', 'aulia102', 'aulia102', 'document.pdf', 3),
('106', 'aulia103', 'aulia1@gmail.com', 'aulia103', 'aulia103', 'document.pdf', 3),
('107', 'aulia104', 'aulia1@gmail.com', 'aulia104', 'aulia104', 'document.pdf', 3),
('108', 'aulia105', 'aulia1@gmail.com', 'aulia105', 'aulia105', 'document.pdf', 3),
('109', 'aulia106', 'aulia1@gmail.com', 'aulia106', 'aulia106', 'document.pdf', 3),
('11', 'aulia8', 'aulia1@gmail.com', 'aulia8', 'aulia8', 'document.pdf', 3),
('110', 'aulia107', 'aulia1@gmail.com', 'aulia107', 'aulia107', 'document.pdf', 3),
('111', 'aulia108', 'aulia1@gmail.com', 'aulia108', 'aulia108', 'document.pdf', 3),
('112', 'aulia109', 'aulia1@gmail.com', 'aulia109', 'aulia109', 'document.pdf', 3),
('113', 'aulia110', 'aulia1@gmail.com', 'aulia110', 'aulia110', 'document.pdf', 3),
('114', 'aulia111', 'aulia1@gmail.com', 'aulia111', 'aulia111', 'document.pdf', 3),
('115', 'aulia112', 'aulia1@gmail.com', 'aulia112', 'aulia112', 'document.pdf', 3),
('116', 'aulia113', 'aulia1@gmail.com', 'aulia113', 'aulia113', 'document.pdf', 3),
('117', 'aulia114', 'aulia1@gmail.com', 'aulia114', 'aulia114', 'document.pdf', 3),
('118', 'aulia115', 'aulia1@gmail.com', 'aulia115', 'aulia115', 'document.pdf', 3),
('119', 'aulia116', 'aulia1@gmail.com', 'aulia116', 'aulia116', 'document.pdf', 3),
('12', 'aulia9', 'aulia1@gmail.com', 'aulia9', 'aulia9', 'document.pdf', 3),
('120', 'aulia117', 'aulia1@gmail.com', 'aulia117', 'aulia117', 'document.pdf', 3),
('121', 'aulia118', 'aulia1@gmail.com', 'aulia118', 'aulia118', 'document.pdf', 3),
('122', 'aulia119', 'aulia1@gmail.com', 'aulia119', 'aulia119', 'document.pdf', 3),
('123', 'aulia120', 'aulia1@gmail.com', 'aulia120', 'aulia120', 'document.pdf', 3),
('124', 'aulia121', 'aulia1@gmail.com', 'aulia121', 'aulia121', 'document.pdf', 3),
('125', 'aulia122', 'aulia1@gmail.com', 'aulia122', 'aulia122', 'document.pdf', 3),
('126', 'aulia123', 'aulia1@gmail.com', 'aulia123', 'aulia123', 'document.pdf', 3),
('127', 'aulia124', 'aulia1@gmail.com', 'aulia124', 'aulia124', 'document.pdf', 3),
('128', 'aulia125', 'aulia1@gmail.com', 'aulia125', 'aulia125', 'document.pdf', 3),
('129', 'aulia126', 'aulia1@gmail.com', 'aulia126', 'aulia126', 'document.pdf', 3),
('13', 'aulia10', 'aulia1@gmail.com', 'aulia10', 'aulia10', 'document.pdf', 3),
('130', 'aulia127', 'aulia1@gmail.com', 'aulia127', 'aulia127', 'document.pdf', 3),
('14', 'aulia11', 'aulia1@gmail.com', 'aulia11', 'aulia11', 'document.pdf', 3),
('15', 'aulia12', 'aulia1@gmail.com', 'aulia12', 'aulia12', 'document.pdf', 3),
('16', 'aulia13', 'aulia1@gmail.com', 'aulia13', 'aulia13', 'document.pdf', 3),
('17', 'aulia14', 'aulia1@gmail.com', 'aulia14', 'aulia14', 'document.pdf', 3),
('18', 'aulia15', 'aulia1@gmail.com', 'aulia15', 'aulia15', 'document.pdf', 3),
('19', 'aulia16', 'aulia1@gmail.com', 'aulia16', 'aulia16', 'document.pdf', 3),
('20', 'aulia17', 'aulia1@gmail.com', 'aulia17', 'aulia17', 'document.pdf', 3),
('21', 'aulia18', 'aulia1@gmail.com', 'aulia18', 'aulia18', 'document.pdf', 3),
('22', 'aulia19', 'aulia1@gmail.com', 'aulia19', 'aulia19', 'document.pdf', 3),
('23', 'aulia20', 'aulia1@gmail.com', 'aulia20', 'aulia20', 'document.pdf', 3),
('24', 'aulia21', 'aulia1@gmail.com', 'aulia21', 'aulia21', 'document.pdf', 3),
('25', 'aulia22', 'aulia1@gmail.com', 'aulia22', 'aulia22', 'document.pdf', 3),
('26', 'aulia23', 'aulia1@gmail.com', 'aulia23', 'aulia23', 'document.pdf', 3),
('27', 'aulia24', 'aulia1@gmail.com', 'aulia24', 'aulia24', 'document.pdf', 3),
('28', 'aulia25', 'aulia1@gmail.com', 'aulia25', 'aulia25', 'document.pdf', 3),
('29', 'aulia26', 'aulia1@gmail.com', 'aulia26', 'aulia26', 'document.pdf', 3),
('3', 'petugas', '', 'petugas', 'petugas', '', 2),
('30', 'aulia27', 'aulia1@gmail.com', 'aulia27', 'aulia27', 'document.pdf', 3),
('31', 'aulia28', 'aulia1@gmail.com', 'aulia28', 'aulia28', 'document.pdf', 3),
('32', 'aulia29', 'aulia1@gmail.com', 'aulia29', 'aulia29', 'document.pdf', 3),
('33', 'aulia30', 'aulia1@gmail.com', 'aulia30', 'aulia30', 'document.pdf', 3),
('34', 'aulia31', 'aulia1@gmail.com', 'aulia31', 'aulia31', 'document.pdf', 3),
('35', 'aulia32', 'aulia1@gmail.com', 'aulia32', 'aulia32', 'document.pdf', 3),
('36', 'aulia33', 'aulia1@gmail.com', 'aulia33', 'aulia33', 'document.pdf', 3),
('37', 'aulia34', 'aulia1@gmail.com', 'aulia34', 'aulia34', 'document.pdf', 3),
('38', 'aulia35', 'aulia1@gmail.com', 'aulia35', 'aulia35', 'document.pdf', 3),
('39', 'aulia36', 'aulia1@gmail.com', 'aulia36', 'aulia36', 'document.pdf', 3),
('4', 'aulia1', 'aulia1@gmail.com', 'aulia1', 'aulia1', 'document.pdf', 3),
('40', 'aulia37', 'aulia1@gmail.com', 'aulia37', 'aulia37', 'document.pdf', 3),
('41', 'aulia38', 'aulia1@gmail.com', 'aulia38', 'aulia38', 'document.pdf', 3),
('42', 'aulia39', 'aulia1@gmail.com', 'aulia39', 'aulia39', 'document.pdf', 3),
('43', 'aulia40', 'aulia1@gmail.com', 'aulia40', 'aulia40', 'document.pdf', 3),
('44', 'aulia41', 'aulia1@gmail.com', 'aulia41', 'aulia41', 'document.pdf', 3),
('45', 'aulia42', 'aulia1@gmail.com', 'aulia42', 'aulia42', 'document.pdf', 3),
('46', 'aulia43', 'aulia1@gmail.com', 'aulia43', 'aulia43', 'document.pdf', 3),
('47', 'aulia44', 'aulia1@gmail.com', 'aulia44', 'aulia44', 'document.pdf', 3),
('48', 'aulia45', 'aulia1@gmail.com', 'aulia45', 'aulia45', 'document.pdf', 3),
('49', 'aulia46', 'aulia1@gmail.com', 'aulia46', 'aulia46', 'document.pdf', 3),
('5', 'aulia2', 'aulia1@gmail.com', 'aulia2', 'aulia2', 'document.pdf', 3),
('50', 'aulia47', 'aulia1@gmail.com', 'aulia47', 'aulia47', 'document.pdf', 3),
('51', 'aulia48', 'aulia1@gmail.com', 'aulia48', 'aulia48', 'document.pdf', 3),
('52', 'aulia49', 'aulia1@gmail.com', 'aulia49', 'aulia49', 'document.pdf', 3),
('53', 'aulia50', 'aulia1@gmail.com', 'aulia50', 'aulia50', 'document.pdf', 3),
('54', 'aulia51', 'aulia1@gmail.com', 'aulia51', 'aulia51', 'document.pdf', 3),
('55', 'aulia52', 'aulia1@gmail.com', 'aulia52', 'aulia52', 'document.pdf', 3),
('56', 'aulia53', 'aulia1@gmail.com', 'aulia53', 'aulia53', 'document.pdf', 3),
('57', 'aulia54', 'aulia1@gmail.com', 'aulia54', 'aulia54', 'document.pdf', 3),
('58', 'aulia55', 'aulia1@gmail.com', 'aulia55', 'aulia55', 'document.pdf', 3),
('59', 'aulia56', 'aulia1@gmail.com', 'aulia56', 'aulia56', 'document.pdf', 3),
('6', 'aulia3', 'aulia1@gmail.com', 'aulia3', 'aulia3', 'document.pdf', 3),
('60', 'aulia57', 'aulia1@gmail.com', 'aulia57', 'aulia57', 'document.pdf', 3),
('605ed26e4fe71', 'Dea nur alfiani', 'nuralfianidea@gmail.com', 'Dea nur', 'deanur123', NULL, 3),
('605ed2c4ebbab', 'Indriya Nur Oktaviani', 'indriyanurokta@gmail.com', 'indriyanurokta', 'indriyanur123', NULL, 3),
('605ed32dd1b96', 'Widia', 'wnurulhidayah72@gmail.com', 'widianur', 'widianur123', 'Surat_Lamaran_PT_TKII_M_Bagas_Setia2.pdf', 4),
('61', 'aulia58', 'aulia1@gmail.com', 'aulia58', 'aulia58', 'document.pdf', 3),
('62', 'aulia59', 'aulia1@gmail.com', 'aulia59', 'aulia59', 'document.pdf', 3),
('63', 'aulia60', 'aulia1@gmail.com', 'aulia60', 'aulia60', 'document.pdf', 3),
('64', 'aulia61', 'aulia1@gmail.com', 'aulia61', 'aulia61', 'document.pdf', 3),
('65', 'aulia62', 'aulia1@gmail.com', 'aulia62', 'aulia62', 'document.pdf', 3),
('66', 'aulia63', 'aulia1@gmail.com', 'aulia63', 'aulia63', 'document.pdf', 3),
('67', 'aulia64', 'aulia1@gmail.com', 'aulia64', 'aulia64', 'document.pdf', 3),
('68', 'aulia65', 'aulia1@gmail.com', 'aulia65', 'aulia65', 'document.pdf', 3),
('69', 'aulia66', 'aulia1@gmail.com', 'aulia66', 'aulia66', 'document.pdf', 3),
('7', 'aulia4', 'aulia1@gmail.com', 'aulia4', 'aulia4', 'document.pdf', 3),
('70', 'aulia67', 'aulia1@gmail.com', 'aulia67', 'aulia67', 'document.pdf', 3),
('71', 'aulia68', 'aulia1@gmail.com', 'aulia68', 'aulia68', 'document.pdf', 3),
('72', 'aulia69', 'aulia1@gmail.com', 'aulia69', 'aulia69', 'document.pdf', 3),
('73', 'aulia70', 'aulia1@gmail.com', 'aulia70', 'aulia70', 'document.pdf', 3),
('74', 'aulia71', 'aulia1@gmail.com', 'aulia71', 'aulia71', 'document.pdf', 3),
('75', 'aulia72', 'aulia1@gmail.com', 'aulia72', 'aulia72', 'document.pdf', 3),
('76', 'aulia73', 'aulia1@gmail.com', 'aulia73', 'aulia73', 'document.pdf', 3),
('77', 'aulia74', 'aulia1@gmail.com', 'aulia74', 'aulia74', 'document.pdf', 3),
('78', 'aulia75', 'aulia1@gmail.com', 'aulia75', 'aulia75', 'document.pdf', 3),
('79', 'aulia76', 'aulia1@gmail.com', 'aulia76', 'aulia76', 'document.pdf', 3),
('8', 'aulia5', 'aulia1@gmail.com', 'aulia5', 'aulia5', 'document.pdf', 3),
('80', 'aulia77', 'aulia1@gmail.com', 'aulia77', 'aulia77', 'document.pdf', 3),
('81', 'aulia78', 'aulia1@gmail.com', 'aulia78', 'aulia78', 'document.pdf', 3),
('82', 'aulia79', 'aulia1@gmail.com', 'aulia79', 'aulia79', 'document.pdf', 3),
('83', 'aulia80', 'aulia1@gmail.com', 'aulia80', 'aulia80', 'document.pdf', 3),
('84', 'aulia81', 'aulia1@gmail.com', 'aulia81', 'aulia81', 'document.pdf', 3),
('85', 'aulia82', 'aulia1@gmail.com', 'aulia82', 'aulia82', 'document.pdf', 3),
('86', 'aulia83', 'aulia1@gmail.com', 'aulia83', 'aulia83', 'document.pdf', 3),
('87', 'aulia84', 'aulia1@gmail.com', 'aulia84', 'aulia84', 'document.pdf', 3),
('88', 'aulia85', 'aulia1@gmail.com', 'aulia85', 'aulia85', 'document.pdf', 3),
('89', 'aulia86', 'aulia1@gmail.com', 'aulia86', 'aulia86', 'document.pdf', 3),
('9', 'aulia6', 'aulia1@gmail.com', 'aulia6', 'aulia6', 'document.pdf', 3),
('90', 'aulia87', 'aulia1@gmail.com', 'aulia87', 'aulia87', 'document.pdf', 3),
('91', 'aulia88', 'aulia1@gmail.com', 'aulia88', 'aulia88', 'document.pdf', 3),
('92', 'aulia89', 'aulia1@gmail.com', 'aulia89', 'aulia89', 'document.pdf', 3),
('93', 'aulia90', 'aulia1@gmail.com', 'aulia90', 'aulia90', 'document.pdf', 3),
('94', 'aulia91', 'aulia1@gmail.com', 'aulia91', 'aulia91', 'document.pdf', 3),
('95', 'aulia92', 'aulia1@gmail.com', 'aulia92', 'aulia92', 'document.pdf', 3),
('96', 'aulia93', 'aulia1@gmail.com', 'aulia93', 'aulia93', 'document.pdf', 3),
('97', 'aulia94', 'aulia1@gmail.com', 'aulia94', 'aulia94', 'document.pdf', 3),
('98', 'aulia95', 'aulia1@gmail.com', 'aulia95', 'aulia95', 'document.pdf', 3),
('99', 'aulia96', 'aulia1@gmail.com', 'aulia96', 'aulia96', 'document.pdf', 3);

-- --------------------------------------------------------

--
-- Struktur dari tabel `tunggakan`
--

CREATE TABLE `tunggakan` (
  `id_tunggakan` int(11) NOT NULL,
  `id_pedagang` varchar(191) NOT NULL,
  `tanggal` date NOT NULL
) ENGINE=InnoDB DEFAULT CHARSET=utf8mb4;

--
-- Dumping data untuk tabel `tunggakan`
--

INSERT INTO `tunggakan` (`id_tunggakan`, `id_pedagang`, `tanggal`) VALUES
(2, '13', '2021-06-24'),
(5, '13', '2021-06-26'),
(7, '5', '2021-06-27'),
(8, '6', '2021-06-27'),
(9, '7', '2021-06-27'),
(10, '8', '2021-06-27'),
(11, '9', '2021-06-27'),
(12, '10', '2021-06-27'),
(13, '11', '2021-06-27'),
(14, '12', '2021-06-27'),
(15, '13', '2021-06-27'),
(16, '14', '2021-06-27'),
(17, '15', '2021-06-27'),
(18, '16', '2021-06-27'),
(19, '17', '2021-06-27'),
(20, '18', '2021-06-27'),
(21, '19', '2021-06-27'),
(22, '20', '2021-06-27'),
(23, '21', '2021-06-27'),
(24, '22', '2021-06-27'),
(25, '23', '2021-06-27'),
(26, '24', '2021-06-27'),
(27, '25', '2021-06-27'),
(28, '26', '2021-06-27'),
(29, '27', '2021-06-27'),
(30, '28', '2021-06-27'),
(31, '29', '2021-06-27'),
(32, '30', '2021-06-27'),
(33, '31', '2021-06-27'),
(34, '32', '2021-06-27'),
(35, '33', '2021-06-27'),
(36, '34', '2021-06-27'),
(37, '35', '2021-06-27'),
(38, '36', '2021-06-27'),
(39, '37', '2021-06-27'),
(40, '38', '2021-06-27'),
(41, '39', '2021-06-27'),
(42, '40', '2021-06-27'),
(43, '41', '2021-06-27'),
(44, '42', '2021-06-27'),
(45, '43', '2021-06-27'),
(46, '44', '2021-06-27'),
(47, '45', '2021-06-27'),
(48, '46', '2021-06-27'),
(49, '47', '2021-06-27'),
(50, '48', '2021-06-27'),
(51, '49', '2021-06-27'),
(52, '50', '2021-06-27'),
(53, '51', '2021-06-27'),
(54, '52', '2021-06-27'),
(55, '53', '2021-06-27'),
(56, '54', '2021-06-27'),
(57, '55', '2021-06-27'),
(58, '56', '2021-06-27'),
(59, '57', '2021-06-27'),
(60, '58', '2021-06-27'),
(61, '59', '2021-06-27'),
(62, '61', '2021-06-27'),
(63, '62', '2021-06-27'),
(64, '63', '2021-06-27'),
(65, '64', '2021-06-27'),
(66, '65', '2021-06-27'),
(67, '66', '2021-06-27'),
(68, '67', '2021-06-27'),
(69, '68', '2021-06-27'),
(70, '70', '2021-06-27'),
(71, '71', '2021-06-27'),
(72, '72', '2021-06-27'),
(73, '73', '2021-06-27'),
(74, '74', '2021-06-27'),
(75, '75', '2021-06-27'),
(76, '76', '2021-06-27'),
(77, '77', '2021-06-27'),
(78, '78', '2021-06-27'),
(79, '79', '2021-06-27'),
(80, '80', '2021-06-27'),
(81, '81', '2021-06-27'),
(82, '82', '2021-06-27'),
(83, '83', '2021-06-27'),
(84, '84', '2021-06-27'),
(85, '85', '2021-06-27'),
(86, '86', '2021-06-27'),
(87, '87', '2021-06-27'),
(88, '88', '2021-06-27'),
(89, '89', '2021-06-27'),
(90, '90', '2021-06-27'),
(91, '91', '2021-06-27'),
(92, '92', '2021-06-27'),
(93, '94', '2021-06-27'),
(94, '95', '2021-06-27'),
(95, '96', '2021-06-27'),
(96, '97', '2021-06-27'),
(97, '98', '2021-06-27'),
(98, '99', '2021-06-27'),
(99, '100', '2021-06-27'),
(100, '101', '2021-06-27'),
(101, '102', '2021-06-27'),
(102, '103', '2021-06-27'),
(103, '104', '2021-06-27'),
(104, '105', '2021-06-27'),
(105, '106', '2021-06-27'),
(106, '107', '2021-06-27'),
(107, '108', '2021-06-27'),
(108, '109', '2021-06-27'),
(109, '110', '2021-06-27'),
(110, '111', '2021-06-27'),
(111, '112', '2021-06-27'),
(112, '113', '2021-06-27'),
(113, '114', '2021-06-27'),
(114, '115', '2021-06-27'),
(115, '116', '2021-06-27'),
(116, '117', '2021-06-27'),
(117, '118', '2021-06-27'),
(118, '119', '2021-06-27'),
(119, '120', '2021-06-27'),
(120, '121', '2021-06-27'),
(121, '122', '2021-06-27'),
(122, '123', '2021-06-27'),
(123, '124', '2021-06-27'),
(124, '125', '2021-06-27'),
(125, '126', '2021-06-27'),
(126, '127', '2021-06-27'),
(127, '128', '2021-06-27'),
(128, '129', '2021-06-27'),
(129, '130', '2021-06-27'),
(130, '131', '2021-06-27'),
(131, '132', '2021-06-27'),
(132, '133', '2021-06-27'),
(133, '13', '2021-07-04'),
(134, '13', '2021-07-04');

--
-- Indexes for dumped tables
--

--
-- Indeks untuk tabel `bayar`
--
ALTER TABLE `bayar`
  ADD PRIMARY KEY (`id_bayar`);

--
-- Indeks untuk tabel `chat`
--
ALTER TABLE `chat`
  ADD PRIMARY KEY (`id_chat`);

--
-- Indeks untuk tabel `isi_chat`
--
ALTER TABLE `isi_chat`
  ADD PRIMARY KEY (`id_isi_chat`);

--
-- Indeks untuk tabel `pasar`
--
ALTER TABLE `pasar`
  ADD PRIMARY KEY (`id_pasar`);

--
-- Indeks untuk tabel `pedagang`
--
ALTER TABLE `pedagang`
  ADD PRIMARY KEY (`id_pedagang`);

--
-- Indeks untuk tabel `pengajuan`
--
ALTER TABLE `pengajuan`
  ADD PRIMARY KEY (`id_pengajuan`);

--
-- Indeks untuk tabel `retribusi`
--
ALTER TABLE `retribusi`
  ADD PRIMARY KEY (`id_retribusi`);

--
-- Indeks untuk tabel `tb_user`
--
ALTER TABLE `tb_user`
  ADD PRIMARY KEY (`id`);

--
-- Indeks untuk tabel `tunggakan`
--
ALTER TABLE `tunggakan`
  ADD PRIMARY KEY (`id_tunggakan`);

--
-- AUTO_INCREMENT untuk tabel yang dibuang
--

--
-- AUTO_INCREMENT untuk tabel `bayar`
--
ALTER TABLE `bayar`
  MODIFY `id_bayar` int(11) NOT NULL AUTO_INCREMENT, AUTO_INCREMENT=931;

--
-- AUTO_INCREMENT untuk tabel `isi_chat`
--
ALTER TABLE `isi_chat`
  MODIFY `id_isi_chat` int(11) NOT NULL AUTO_INCREMENT, AUTO_INCREMENT=13;

--
-- AUTO_INCREMENT untuk tabel `pasar`
--
ALTER TABLE `pasar`
  MODIFY `id_pasar` int(11) NOT NULL AUTO_INCREMENT, AUTO_INCREMENT=49;

--
-- AUTO_INCREMENT untuk tabel `pedagang`
--
ALTER TABLE `pedagang`
  MODIFY `id_pedagang` int(11) NOT NULL AUTO_INCREMENT, AUTO_INCREMENT=134;

--
-- AUTO_INCREMENT untuk tabel `pengajuan`
--
ALTER TABLE `pengajuan`
  MODIFY `id_pengajuan` int(11) NOT NULL AUTO_INCREMENT, AUTO_INCREMENT=3;

--
-- AUTO_INCREMENT untuk tabel `retribusi`
--
ALTER TABLE `retribusi`
  MODIFY `id_retribusi` int(11) NOT NULL AUTO_INCREMENT, AUTO_INCREMENT=6;

--
-- AUTO_INCREMENT untuk tabel `tunggakan`
--
ALTER TABLE `tunggakan`
  MODIFY `id_tunggakan` int(11) NOT NULL AUTO_INCREMENT, AUTO_INCREMENT=135;
COMMIT;

/*!40101 SET CHARACTER_SET_CLIENT=@OLD_CHARACTER_SET_CLIENT */;
/*!40101 SET CHARACTER_SET_RESULTS=@OLD_CHARACTER_SET_RESULTS */;
/*!40101 SET COLLATION_CONNECTION=@OLD_COLLATION_CONNECTION */;
